-- MySQL dump 10.13  Distrib 8.0.26, for Win64 (x86_64)
--
-- Host: localhost    Database: stepic
-- ------------------------------------------------------
-- Server version	8.0.26

/*!40101 SET @OLD_CHARACTER_SET_CLIENT=@@CHARACTER_SET_CLIENT */;
/*!40101 SET @OLD_CHARACTER_SET_RESULTS=@@CHARACTER_SET_RESULTS */;
/*!40101 SET @OLD_COLLATION_CONNECTION=@@COLLATION_CONNECTION */;
/*!50503 SET NAMES utf8mb4 */;
/*!40103 SET @OLD_TIME_ZONE=@@TIME_ZONE */;
/*!40103 SET TIME_ZONE='+00:00' */;
/*!40014 SET @OLD_UNIQUE_CHECKS=@@UNIQUE_CHECKS, UNIQUE_CHECKS=0 */;
/*!40014 SET @OLD_FOREIGN_KEY_CHECKS=@@FOREIGN_KEY_CHECKS, FOREIGN_KEY_CHECKS=0 */;
/*!40101 SET @OLD_SQL_MODE=@@SQL_MODE, SQL_MODE='NO_AUTO_VALUE_ON_ZERO' */;
/*!40111 SET @OLD_SQL_NOTES=@@SQL_NOTES, SQL_NOTES=0 */;

--
-- Table structure for table `auth_group`
--

DROP TABLE IF EXISTS `auth_group`;
/*!40101 SET @saved_cs_client     = @@character_set_client */;
/*!50503 SET character_set_client = utf8mb4 */;
CREATE TABLE `auth_group` (
  `id` int NOT NULL AUTO_INCREMENT,
  `name` varchar(80) NOT NULL,
  PRIMARY KEY (`id`),
  UNIQUE KEY `name` (`name`)
) ENGINE=InnoDB DEFAULT CHARSET=utf8mb4 COLLATE=utf8mb4_0900_ai_ci;
/*!40101 SET character_set_client = @saved_cs_client */;

--
-- Dumping data for table `auth_group`
--

LOCK TABLES `auth_group` WRITE;
/*!40000 ALTER TABLE `auth_group` DISABLE KEYS */;
/*!40000 ALTER TABLE `auth_group` ENABLE KEYS */;
UNLOCK TABLES;

--
-- Table structure for table `auth_group_permissions`
--

DROP TABLE IF EXISTS `auth_group_permissions`;
/*!40101 SET @saved_cs_client     = @@character_set_client */;
/*!50503 SET character_set_client = utf8mb4 */;
CREATE TABLE `auth_group_permissions` (
  `id` int NOT NULL AUTO_INCREMENT,
  `group_id` int NOT NULL,
  `permission_id` int NOT NULL,
  PRIMARY KEY (`id`),
  UNIQUE KEY `auth_group_permissions_group_id_permission_id_0cd325b0_uniq` (`group_id`,`permission_id`),
  KEY `auth_group_permissio_permission_id_84c5c92e_fk_auth_perm` (`permission_id`),
  CONSTRAINT `auth_group_permissio_permission_id_84c5c92e_fk_auth_perm` FOREIGN KEY (`permission_id`) REFERENCES `auth_permission` (`id`),
  CONSTRAINT `auth_group_permissions_group_id_b120cbf9_fk_auth_group_id` FOREIGN KEY (`group_id`) REFERENCES `auth_group` (`id`)
) ENGINE=InnoDB DEFAULT CHARSET=utf8mb4 COLLATE=utf8mb4_0900_ai_ci;
/*!40101 SET character_set_client = @saved_cs_client */;

--
-- Dumping data for table `auth_group_permissions`
--

LOCK TABLES `auth_group_permissions` WRITE;
/*!40000 ALTER TABLE `auth_group_permissions` DISABLE KEYS */;
/*!40000 ALTER TABLE `auth_group_permissions` ENABLE KEYS */;
UNLOCK TABLES;

--
-- Table structure for table `auth_permission`
--

DROP TABLE IF EXISTS `auth_permission`;
/*!40101 SET @saved_cs_client     = @@character_set_client */;
/*!50503 SET character_set_client = utf8mb4 */;
CREATE TABLE `auth_permission` (
  `id` int NOT NULL AUTO_INCREMENT,
  `name` varchar(255) NOT NULL,
  `content_type_id` int NOT NULL,
  `codename` varchar(100) NOT NULL,
  PRIMARY KEY (`id`),
  UNIQUE KEY `auth_permission_content_type_id_codename_01ab375a_uniq` (`content_type_id`,`codename`),
  CONSTRAINT `auth_permission_content_type_id_2f476e4b_fk_django_co` FOREIGN KEY (`content_type_id`) REFERENCES `django_content_type` (`id`)
) ENGINE=InnoDB AUTO_INCREMENT=25 DEFAULT CHARSET=utf8mb4 COLLATE=utf8mb4_0900_ai_ci;
/*!40101 SET character_set_client = @saved_cs_client */;

--
-- Dumping data for table `auth_permission`
--

LOCK TABLES `auth_permission` WRITE;
/*!40000 ALTER TABLE `auth_permission` DISABLE KEYS */;
INSERT INTO `auth_permission` VALUES (1,'Can add log entry',1,'add_logentry'),(2,'Can change log entry',1,'change_logentry'),(3,'Can delete log entry',1,'delete_logentry'),(4,'Can add group',2,'add_group'),(5,'Can change group',2,'change_group'),(6,'Can delete group',2,'delete_group'),(7,'Can add permission',3,'add_permission'),(8,'Can change permission',3,'change_permission'),(9,'Can delete permission',3,'delete_permission'),(10,'Can add user',4,'add_user'),(11,'Can change user',4,'change_user'),(12,'Can delete user',4,'delete_user'),(13,'Can add content type',5,'add_contenttype'),(14,'Can change content type',5,'change_contenttype'),(15,'Can delete content type',5,'delete_contenttype'),(16,'Can add session',6,'add_session'),(17,'Can change session',6,'change_session'),(18,'Can delete session',6,'delete_session'),(19,'Can add answer',7,'add_answer'),(20,'Can change answer',7,'change_answer'),(21,'Can delete answer',7,'delete_answer'),(22,'Can add question',8,'add_question'),(23,'Can change question',8,'change_question'),(24,'Can delete question',8,'delete_question');
/*!40000 ALTER TABLE `auth_permission` ENABLE KEYS */;
UNLOCK TABLES;

--
-- Table structure for table `auth_user`
--

DROP TABLE IF EXISTS `auth_user`;
/*!40101 SET @saved_cs_client     = @@character_set_client */;
/*!50503 SET character_set_client = utf8mb4 */;
CREATE TABLE `auth_user` (
  `id` int NOT NULL AUTO_INCREMENT,
  `password` varchar(128) NOT NULL,
  `last_login` datetime(6) DEFAULT NULL,
  `is_superuser` tinyint(1) NOT NULL,
  `username` varchar(150) NOT NULL,
  `first_name` varchar(30) NOT NULL,
  `last_name` varchar(30) NOT NULL,
  `email` varchar(254) NOT NULL,
  `is_staff` tinyint(1) NOT NULL,
  `is_active` tinyint(1) NOT NULL,
  `date_joined` datetime(6) NOT NULL,
  PRIMARY KEY (`id`),
  UNIQUE KEY `username` (`username`)
) ENGINE=InnoDB AUTO_INCREMENT=41 DEFAULT CHARSET=utf8mb4 COLLATE=utf8mb4_0900_ai_ci;
/*!40101 SET character_set_client = @saved_cs_client */;

--
-- Dumping data for table `auth_user`
--

LOCK TABLES `auth_user` WRITE;
/*!40000 ALTER TABLE `auth_user` DISABLE KEYS */;
INSERT INTO `auth_user` VALUES (1,'Adipisci labore reiciendis perspiciatis dolorum consequuntur quis','2016-12-24 01:26:31.279000',0,'Quo magni alias pariatur maiores error officii','Magni omnis eligendi v','Nisi hic a','qd@bwsmm.rpx',0,1,'2021-12-22 12:27:15.279000'),(2,'Sed nulla labore dolorem dicta quo delectus voluptas modi ea rerum exercitatio','2020-08-09 11:59:55.370000',0,'Iure deleniti ducimus culpa facilis similique ut accusamus, porro dolorem molestias esse','Commodi incidunt','Incidunt voluptate','bbdsdcxvo@zqvjzvcadkpzfgs.ebc',0,1,'2021-12-22 12:27:15.370000'),(3,'Earum eveniet ea, deserunt optio consequatur, omnis eligendi aliquam dolor minima, dolor quam sequi ad blanditiis','2020-11-08 10:29:07.279000',0,'Voluptatem corporis perferendis quam ea consequuntu','Aliquid soluta totam ut','At architecto ha','yavwwypjbqxdagxilt@a.eig',0,1,'2021-12-22 12:27:15.403000'),(4,'Aut dolorum omnis quis velit? Rerum at eum suscipit unde vel delectus ut optio maxime. Exercitation','2020-11-22 20:06:52.370000',0,'Voluptatum quasi iste illo, nihil rerum consectetur pariatur sequi, dolorum quaerat corrupti quae adipisci. Voluptates nulla praesentium e','Quod facilis sequi','Ius','hypidsgpnqivngpjhfewhm@yjr.ayd',0,1,'2021-12-22 12:27:15.461000'),(5,'Laudantium culpa a quas, saepe nemo autem vitae debitis eum quae sint distinctio p',NULL,0,'Veritatis totam quibusdam nihil repellendus, eos modi mai','Veritatis expedita itaque','Vitae obcaecati earum p','wirjiqlzpxsebamzqv@iowqr.nxk',0,1,'2021-12-22 12:27:15.503000'),(6,'Debitis nostrum saepe atque harum perferendis autem nesciu',NULL,0,'Voluptate ratione velit corporis labore sint optio aliqu','Excepturi ipsam at exped','Atque officiis volup','pnsydeenbqnuqpbpbmtgh@bg.yun',0,1,'2021-12-22 12:27:15.553000'),(7,'Praesentium sequi optio nostrum vel illum des',NULL,0,'Voluptatum dignissimos accusantium praesentium? Est ea','Magni repellend','Quod nemo recusandae volupta','xxrqru@ihywfc.lds',0,1,'2021-12-22 12:27:15.594000'),(8,'Qui facere maiores obcaecati nobis reiciendis sapiente fugiat incidunt at eveniet, ip','2019-07-21 17:54:19.370000',0,'Aliquam atque nemo reiciendis quas repudiandae asperiores deleniti, aspernatur voluptat','Reiciendis molestias sit. No','Cum magnam qui, aliquid dolo','fdkl@dcqahogphjyeou.ynw',0,1,'2021-12-22 12:27:15.645000'),(9,'Animi debitis blanditiis excepturi dignissimos atque. Quo ex molestias qui par','2017-01-10 12:27:38.279000',0,'Nisi beatae assumenda quibusdam? Quis id doloribus nemo odit nesciunt cum molestias distinctio, totam quia harum corrupti nesciunt soluta fuga, eius q','Temporibus comm','In rati','ujnmrpqk@ttdrtrwolr.ugm',0,1,'2021-12-22 12:27:15.686000'),(10,'Aliquid velit cupiditate, eius r','2017-11-09 17:16:37.370000',0,'Ducimus aperiam corporis voluptatum numquam, iure consectetur nesciunt ad dolorem distinctio ratione nihil ipsa officiis','Porro maxime ipsa moll','Pariatur tenetur similiqu','iapqprv@n.cju',0,1,'2021-12-22 12:27:15.736000'),(11,'Dolorum minima et delectus iure t','2019-08-01 12:46:28.279000',0,'Reprehenderit inventore null','Totam c','Consequatur soluta volu','jv@xzxbeatdwkvirnxprr.qzm',0,1,'2021-12-22 12:27:15.778000'),(12,'Officia dolores at unde magni quia aliquam optio deserunt aspernatur sequi','2021-06-01 10:31:02.370000',0,'Maiores esse quis dolore inventore quo vitae, similique aut vitae minima ut ipsum impedit veritatis','Vol','Exercitationem','tjoa@ckcjhsupkppkyysfdobyn.tiu',0,1,'2021-12-22 12:27:15.828000'),(13,'Est maiores incidunt tempora ipsa sit dicta, dolor quia porro deb','2021-06-10 17:22:43.279000',0,'Ipsa quaerat eos praesentium laborum reiciendis ipsam tenetur, libero nobis illum consectetur. Nesciunt officiis','Veritatis animi eligendi haru','Minus','ohtfl@ydhodofnejwgibgfugl.xts',0,1,'2021-12-22 12:27:15.878000'),(14,'Maiores offici','2021-12-30 22:01:24.370000',0,'Nihil ratione eius dolorum aperiam dolor','Quam vel ulla','Harum quos u','bynej@gtsotdaojcmxo.qyx',0,1,'2021-12-22 12:27:15.928000'),(15,'Tempora natus unde quae',NULL,0,'Placeat laudantium eveniet perferendis provident rerum sed optio suscipit consectetur atq','Exceptur','Unde perspiciat','exiyapxraui@nbz.xuj',0,1,'2021-12-22 12:27:15.961000'),(16,'Nesciunt tempora mollitia, ut nemo facere numquam culpa atque quidem natus, at',NULL,0,'Sequi fugiat rem porro est quod a laudantium obcaecati explicabo, est nam quas vel dolor','Praesentium atque unde','Veniam','oppf@eyvmiwf.jfn',0,1,'2021-12-22 12:27:16.011000'),(17,'Quae blanditiis cupiditate nisi','2022-05-24 16:04:24.279000',0,'Temporibus harum beatae aperiam explicabo tempora odio modi ipsum quam eveniet, non sunt perferendis doloremque at l','Dolor autem necessit','Sapi','ggglkspqsiscmetcoliqaf@eje.esb',0,1,'2021-12-22 12:27:16.052000'),(18,'Voluptatum blanditiis corporis quasi nam eveniet','2018-07-21 17:59:32.370000',0,'Exercitationem autem quia ipsam totam esse, pariatur distinctio veniam, rem eius nesciunt aut earum i','Atque porro harum explicab','Qui e','ouhvotr@pckeezxhez.syr',0,1,'2021-12-22 12:27:16.127000'),(19,'Quis officiis d','2019-06-30 22:49:00.279000',0,'Inventore non ex blanditiis excepturi assumenda atque, at omnis fugit debi','Quisquam suscipit quas con','Qua','qv@r.ybt',0,1,'2021-12-22 12:27:16.195000'),(20,'Inventore itaque dignissimos natus qui unde minima magnam quam impedit, ipsa exercitation','2020-02-01 17:32:28.370000',0,'Vel vero exercitationem velit, voluptate cum ap','Ass','Laudantium do','lwecimgcynmt@hnywymngcaeqt.jly',0,1,'2021-12-22 12:27:16.244000'),(21,'Odit dolore obcaecati culpa voluptatibus inventore omnis, illum qui repellat adipis','2019-09-28 12:35:22.925000',0,'Sequi repellendus dolor est provident, non ipsum fuga aliquid in dolore iure quisquam, sapiente veniam nulla nisi, su','Prov','Invent','nyuivr@c.rtq',0,1,'2021-12-24 03:43:40.925000'),(22,'Numquam totam suscipit corporis earum exercitatio',NULL,0,'Adipisci nihil inventore voluptatibus nesciunt velit repudiandae quibusdam quo nostrum. Maiores cum inventore laboriosam vel error aperiam','Dolorem duc','Illum pla','iimugqfxqdxhorovbrbstxn@z.lcy',0,1,'2021-12-24 03:43:41.126000'),(23,'Asperiores perferendis qui blanditiis pariatur deleniti possimus accusamus quidem ut sunt, incidunt aliquam minus,',NULL,0,'Natus placeat voluptatibus quam, voluptatum labore perspiciatis rerum, eius exceptur','Maiores et ipsa','Quo ape','wuk@uslhad.bll',0,1,'2021-12-24 03:43:41.168000'),(24,'Architecto provident omnis quasi labore ut dignissimos. Quisquam nobi','2018-07-08 15:28:17.126000',0,'Temporibus repellendus ex similique rem facilis reprehenderit id labore','Minus modi repu','Expedita dolores repella','kyivxjwt@litbgabhxmkq.svd',0,1,'2021-12-24 03:43:41.254000'),(25,'Nesciunt vero consequuntur fuga laboriosam molestias minima, maxime',NULL,0,'Nobis magnam consequuntur vero eaque voluptates perspiciatis. Reiciend','Quibusd','A dolores iste molestias rem p','zsukxqlvm@msfsqjmmcuwlvs.mki',0,1,'2021-12-24 03:43:41.297000'),(26,'Possimus optio saepe, tenetur perferendis magni voluptatum dolore placeat aut, reprehenderit obcaecati quo','2019-05-29 18:35:57.126000',0,'Debitis fugiat magnam error earum commodi quaerat repudiandae','Porro nulla dolorem temp','Sed nulla sit facere','rdygpyllxgo@qe.tvf',0,1,'2021-12-24 03:43:41.357000'),(27,'Doloribus ab hic, libero','2022-02-18 06:04:14.925000',0,'Laboriosam suscipit nihil, quibusdam cumque repudiandae eligendi voluptate eius mollitia. Dicta maiores adipisci fuga quas? Possimu','Non atque laborum recusandae o','Ipsam natus tenetur fugiat','hueopqrppdqbsqdfxxzrro@c.jxg',0,1,'2021-12-24 03:43:41.397000'),(28,'Neque quasi ipsa nisi commodi unde dolorem, reiciendis d','2017-03-21 09:36:55.126000',0,'Impedit perferendis offi','Expedita t','Odio iste hic, molest','yhhahdrnoim@cbgahhtvxbje.nkk',0,1,'2021-12-24 03:43:41.449000'),(29,'Minima facere rem voluptates recusandae, asperiores fugit eum','2021-04-27 21:22:06.925000',0,'Repudiandae saepe illo temporibus dolores quibusdam, laudantium doloremque voluptate eaque animi molest','Aperiam eve','Archit','lmin@zgxnbpwdkqxnuixg.fve',0,1,'2021-12-24 03:43:41.493000'),(30,'Voluptatem excepturi recusanda','2018-02-15 02:10:04.126000',0,'Illum ullam nesciunt eaque minus, vel ipsum eum, aperiam distinctio pariatur voluptatum minus id omnis unde ipsa obca','Ratione deserunt q','Totam est','wzebuxvxaoxfsvyseemmvwr@h.tfo',0,1,'2021-12-24 03:43:41.548000'),(31,'Temporibus optio perspiciatis ratione quo officiis fugiat voluptate corporis asperiore','2020-09-28 11:02:18.925000',0,'Officiis natus dolorum eius quidem error nihil, provident quaerat','Ab ipsam re','Voluptatibu','vhzyjgyawjugblfmg@npk.nlu',0,1,'2021-12-24 03:43:41.582000'),(32,'Magnam quibusdam praesentium. Molestiae consequatur e','2018-04-13 05:56:51.126000',0,'Corrupti optio eos neque alias maiores ex animi sed voluptates fuga, corporis pariatur veniam quam ipsum asperiores dolorum. Optio nemo voluptas','Esse','Atque illo','uk@nwauqqbhnwnbofqev.ydf',0,1,'2021-12-24 03:43:41.640000'),(33,'Dicta vitae quibusdam nulla alias tenetur ut odit officia impedit, ratione possimus accusantium lauda',NULL,0,'Pariatur iste iure eos, ratione perferend','Expedita dolor','Culpa officiis rei','tbinrbzfhhxkzq@cns.csi',0,1,'2021-12-24 03:43:41.673000'),(34,'Consequatur enim aliquam, molestiae cumque qui obcaecati consequuntur ne','2018-12-25 19:18:21.126000',0,'Distinctio autem fugit perspiciatis','Iste quos hic accusamus','Dolor quidem magni non dolo','hragjwlhfofaxwtxh@edgtjk.nez',0,1,'2021-12-24 03:43:41.732000'),(35,'Nulla ullam est illum corrupti enim eligendi,','2017-07-16 15:02:41.925000',0,'Possimus quam voluptas quo obcaecati ab voluptatum in harum, moll','Cum rerum atque od','Doloribus cum suscipit','nordjbkzffuvdyt@zp.dro',0,1,'2021-12-24 03:43:41.782000'),(36,'Asperiores officiis vel nostrum cum optio accusantium, ut deleniti corporis mollitia hic, similique sint por','2019-04-27 15:59:21.126000',0,'Officiis rerum porro, dolorum min','Aliquam vel cons','Vitae earum max','oseoveazueynwfwye@r.uvl',0,1,'2021-12-24 03:43:41.833000'),(37,'Blanditiis repudiandae dignissimos dicta iure, pariatur obcaecati consequatur aliquid itaque dolore sapiente laborum','2022-03-29 18:28:30.925000',0,'Autem odio corporis. Iusto impedit tempora perferendis accusantium exercitationem alias hic fugiat itaque, minus assumenda null','Possim','Face','jaxyoxiisqzyewfqmieddgn@nh.dwt',0,1,'2021-12-24 03:43:41.874000'),(38,'Iste quaerat fuga cumque molestias repudiandae expedita, soluta facilis pariatur? Voluptas recu','2021-03-12 05:08:29.126000',0,'Reprehenderit commodi maxime, fugit consequuntur deserunt d','Accusantium offici','Seq','lhniphknoafkmgofmaqbxl@j.kyg',0,1,'2021-12-24 03:43:41.924000'),(39,'Laudantium maxime officia facere ratione et, pariatur optio non','2020-11-05 01:22:37.925000',0,'Quas ducimus dignissimos. Quas ipsum id ducimus sit odit debitis, voluptas libero nisi ad. Porro quia libero.','Tempora nam sunt voluptate ut','Esse placeat eum qui consequun','nhswmp@yhiv.zwy',0,1,'2021-12-24 03:43:41.966000'),(40,'Fugit at possimus maxime distinctio nam sint suscipit officiis quia facere, eligendi enim assumenda, eius archite','2018-03-04 13:50:38.126000',0,'Aliquid perspiciatis quo labore culpa? Illo','Accusan','Quo adipisci dol','tuycnnvc@bkebpch.aaw',0,1,'2021-12-24 03:43:42.024000');
/*!40000 ALTER TABLE `auth_user` ENABLE KEYS */;
UNLOCK TABLES;

--
-- Table structure for table `auth_user_groups`
--

DROP TABLE IF EXISTS `auth_user_groups`;
/*!40101 SET @saved_cs_client     = @@character_set_client */;
/*!50503 SET character_set_client = utf8mb4 */;
CREATE TABLE `auth_user_groups` (
  `id` int NOT NULL AUTO_INCREMENT,
  `user_id` int NOT NULL,
  `group_id` int NOT NULL,
  PRIMARY KEY (`id`),
  UNIQUE KEY `auth_user_groups_user_id_group_id_94350c0c_uniq` (`user_id`,`group_id`),
  KEY `auth_user_groups_group_id_97559544_fk_auth_group_id` (`group_id`),
  CONSTRAINT `auth_user_groups_group_id_97559544_fk_auth_group_id` FOREIGN KEY (`group_id`) REFERENCES `auth_group` (`id`),
  CONSTRAINT `auth_user_groups_user_id_6a12ed8b_fk_auth_user_id` FOREIGN KEY (`user_id`) REFERENCES `auth_user` (`id`)
) ENGINE=InnoDB DEFAULT CHARSET=utf8mb4 COLLATE=utf8mb4_0900_ai_ci;
/*!40101 SET character_set_client = @saved_cs_client */;

--
-- Dumping data for table `auth_user_groups`
--

LOCK TABLES `auth_user_groups` WRITE;
/*!40000 ALTER TABLE `auth_user_groups` DISABLE KEYS */;
/*!40000 ALTER TABLE `auth_user_groups` ENABLE KEYS */;
UNLOCK TABLES;

--
-- Table structure for table `auth_user_user_permissions`
--

DROP TABLE IF EXISTS `auth_user_user_permissions`;
/*!40101 SET @saved_cs_client     = @@character_set_client */;
/*!50503 SET character_set_client = utf8mb4 */;
CREATE TABLE `auth_user_user_permissions` (
  `id` int NOT NULL AUTO_INCREMENT,
  `user_id` int NOT NULL,
  `permission_id` int NOT NULL,
  PRIMARY KEY (`id`),
  UNIQUE KEY `auth_user_user_permissions_user_id_permission_id_14a6b632_uniq` (`user_id`,`permission_id`),
  KEY `auth_user_user_permi_permission_id_1fbb5f2c_fk_auth_perm` (`permission_id`),
  CONSTRAINT `auth_user_user_permi_permission_id_1fbb5f2c_fk_auth_perm` FOREIGN KEY (`permission_id`) REFERENCES `auth_permission` (`id`),
  CONSTRAINT `auth_user_user_permissions_user_id_a95ead1b_fk_auth_user_id` FOREIGN KEY (`user_id`) REFERENCES `auth_user` (`id`)
) ENGINE=InnoDB AUTO_INCREMENT=117 DEFAULT CHARSET=utf8mb4 COLLATE=utf8mb4_0900_ai_ci;
/*!40101 SET character_set_client = @saved_cs_client */;

--
-- Dumping data for table `auth_user_user_permissions`
--

LOCK TABLES `auth_user_user_permissions` WRITE;
/*!40000 ALTER TABLE `auth_user_user_permissions` DISABLE KEYS */;
INSERT INTO `auth_user_user_permissions` VALUES (3,1,4),(2,1,10),(1,1,17),(4,1,21),(5,2,1),(6,2,11),(7,2,22),(9,3,11),(10,3,20),(11,3,21),(12,3,23),(8,3,24),(13,4,12),(14,4,21),(15,4,23),(16,5,2),(17,5,12),(19,5,13),(18,5,21),(23,6,1),(24,6,7),(22,6,11),(21,6,17),(20,6,23),(25,7,5),(26,8,2),(30,9,4),(29,9,5),(31,9,7),(28,9,12),(27,9,20),(35,10,7),(33,10,13),(32,10,19),(34,10,21),(36,11,2),(37,11,15),(38,11,23),(39,12,11),(40,13,20),(44,14,6),(42,14,12),(43,14,13),(41,14,24),(45,15,8),(46,15,11),(47,15,13),(48,15,14),(49,15,23),(51,16,2),(50,16,16),(52,16,19),(53,17,20),(55,18,7),(54,18,22),(56,19,1),(57,19,3),(59,19,14),(60,19,15),(58,19,20),(62,20,3),(61,20,9),(63,20,13),(64,20,17),(66,21,5),(67,21,6),(68,21,7),(65,21,8),(70,22,2),(69,22,9),(71,23,2),(72,23,5),(73,23,15),(75,24,2),(74,24,9),(76,24,11),(78,25,3),(79,25,12),(77,25,17),(82,26,6),(83,26,15),(80,26,19),(81,26,22),(84,27,1),(86,27,4),(88,27,7),(85,27,18),(87,27,21),(90,28,17),(91,28,19),(89,28,24),(92,29,20),(94,30,2),(95,30,15),(93,30,24),(96,31,1),(97,31,18),(98,32,10),(99,32,23),(102,33,2),(101,33,9),(103,33,14),(100,33,16),(104,34,15),(105,35,22),(106,36,17),(107,37,2),(110,38,4),(111,38,13),(112,38,14),(109,38,19),(108,38,24),(114,39,3),(113,39,19),(116,40,10),(115,40,17);
/*!40000 ALTER TABLE `auth_user_user_permissions` ENABLE KEYS */;
UNLOCK TABLES;

--
-- Table structure for table `django_admin_log`
--

DROP TABLE IF EXISTS `django_admin_log`;
/*!40101 SET @saved_cs_client     = @@character_set_client */;
/*!50503 SET character_set_client = utf8mb4 */;
CREATE TABLE `django_admin_log` (
  `id` int NOT NULL AUTO_INCREMENT,
  `action_time` datetime(6) NOT NULL,
  `object_id` longtext,
  `object_repr` varchar(200) NOT NULL,
  `action_flag` smallint unsigned NOT NULL,
  `change_message` longtext NOT NULL,
  `content_type_id` int DEFAULT NULL,
  `user_id` int NOT NULL,
  PRIMARY KEY (`id`),
  KEY `django_admin_log_content_type_id_c4bce8eb_fk_django_co` (`content_type_id`),
  KEY `django_admin_log_user_id_c564eba6_fk_auth_user_id` (`user_id`),
  CONSTRAINT `django_admin_log_content_type_id_c4bce8eb_fk_django_co` FOREIGN KEY (`content_type_id`) REFERENCES `django_content_type` (`id`),
  CONSTRAINT `django_admin_log_user_id_c564eba6_fk_auth_user_id` FOREIGN KEY (`user_id`) REFERENCES `auth_user` (`id`)
) ENGINE=InnoDB DEFAULT CHARSET=utf8mb4 COLLATE=utf8mb4_0900_ai_ci;
/*!40101 SET character_set_client = @saved_cs_client */;

--
-- Dumping data for table `django_admin_log`
--

LOCK TABLES `django_admin_log` WRITE;
/*!40000 ALTER TABLE `django_admin_log` DISABLE KEYS */;
/*!40000 ALTER TABLE `django_admin_log` ENABLE KEYS */;
UNLOCK TABLES;

--
-- Table structure for table `django_content_type`
--

DROP TABLE IF EXISTS `django_content_type`;
/*!40101 SET @saved_cs_client     = @@character_set_client */;
/*!50503 SET character_set_client = utf8mb4 */;
CREATE TABLE `django_content_type` (
  `id` int NOT NULL AUTO_INCREMENT,
  `app_label` varchar(100) NOT NULL,
  `model` varchar(100) NOT NULL,
  PRIMARY KEY (`id`),
  UNIQUE KEY `django_content_type_app_label_model_76bd3d3b_uniq` (`app_label`,`model`)
) ENGINE=InnoDB AUTO_INCREMENT=9 DEFAULT CHARSET=utf8mb4 COLLATE=utf8mb4_0900_ai_ci;
/*!40101 SET character_set_client = @saved_cs_client */;

--
-- Dumping data for table `django_content_type`
--

LOCK TABLES `django_content_type` WRITE;
/*!40000 ALTER TABLE `django_content_type` DISABLE KEYS */;
INSERT INTO `django_content_type` VALUES (1,'admin','logentry'),(2,'auth','group'),(3,'auth','permission'),(4,'auth','user'),(5,'contenttypes','contenttype'),(7,'qa','answer'),(8,'qa','question'),(6,'sessions','session');
/*!40000 ALTER TABLE `django_content_type` ENABLE KEYS */;
UNLOCK TABLES;

--
-- Table structure for table `django_migrations`
--

DROP TABLE IF EXISTS `django_migrations`;
/*!40101 SET @saved_cs_client     = @@character_set_client */;
/*!50503 SET character_set_client = utf8mb4 */;
CREATE TABLE `django_migrations` (
  `id` int NOT NULL AUTO_INCREMENT,
  `app` varchar(255) NOT NULL,
  `name` varchar(255) NOT NULL,
  `applied` datetime(6) NOT NULL,
  PRIMARY KEY (`id`)
) ENGINE=InnoDB AUTO_INCREMENT=15 DEFAULT CHARSET=utf8mb4 COLLATE=utf8mb4_0900_ai_ci;
/*!40101 SET character_set_client = @saved_cs_client */;

--
-- Dumping data for table `django_migrations`
--

LOCK TABLES `django_migrations` WRITE;
/*!40000 ALTER TABLE `django_migrations` DISABLE KEYS */;
INSERT INTO `django_migrations` VALUES (1,'contenttypes','0001_initial','2021-12-22 12:25:05.889000'),(2,'auth','0001_initial','2021-12-22 12:25:07.454000'),(3,'admin','0001_initial','2021-12-22 12:25:07.787000'),(4,'admin','0002_logentry_remove_auto_add','2021-12-22 12:25:07.811000'),(5,'contenttypes','0002_remove_content_type_name','2021-12-22 12:25:08.070000'),(6,'auth','0002_alter_permission_name_max_length','2021-12-22 12:25:08.209000'),(7,'auth','0003_alter_user_email_max_length','2021-12-22 12:25:08.265000'),(8,'auth','0004_alter_user_username_opts','2021-12-22 12:25:08.289000'),(9,'auth','0005_alter_user_last_login_null','2021-12-22 12:25:08.427000'),(10,'auth','0006_require_contenttypes_0002','2021-12-22 12:25:08.437000'),(11,'auth','0007_alter_validators_add_error_messages','2021-12-22 12:25:08.461000'),(12,'auth','0008_alter_user_username_max_length','2021-12-22 12:25:08.594000'),(13,'qa','0001_initial','2021-12-22 12:25:09.526000'),(14,'sessions','0001_initial','2021-12-22 12:25:09.626000');
/*!40000 ALTER TABLE `django_migrations` ENABLE KEYS */;
UNLOCK TABLES;

--
-- Table structure for table `django_session`
--

DROP TABLE IF EXISTS `django_session`;
/*!40101 SET @saved_cs_client     = @@character_set_client */;
/*!50503 SET character_set_client = utf8mb4 */;
CREATE TABLE `django_session` (
  `session_key` varchar(40) NOT NULL,
  `session_data` longtext NOT NULL,
  `expire_date` datetime(6) NOT NULL,
  PRIMARY KEY (`session_key`),
  KEY `django_session_expire_date_a5c62663` (`expire_date`)
) ENGINE=InnoDB DEFAULT CHARSET=utf8mb4 COLLATE=utf8mb4_0900_ai_ci;
/*!40101 SET character_set_client = @saved_cs_client */;

--
-- Dumping data for table `django_session`
--

LOCK TABLES `django_session` WRITE;
/*!40000 ALTER TABLE `django_session` DISABLE KEYS */;
/*!40000 ALTER TABLE `django_session` ENABLE KEYS */;
UNLOCK TABLES;

--
-- Table structure for table `qa_answer`
--

DROP TABLE IF EXISTS `qa_answer`;
/*!40101 SET @saved_cs_client     = @@character_set_client */;
/*!50503 SET character_set_client = utf8mb4 */;
CREATE TABLE `qa_answer` (
  `id` int NOT NULL AUTO_INCREMENT,
  `text` longtext NOT NULL,
  `added_at` datetime(6) NOT NULL,
  `author_id` int NOT NULL,
  `question_id` int NOT NULL,
  PRIMARY KEY (`id`),
  UNIQUE KEY `author_id` (`author_id`),
  KEY `qa_answer_question_id_afdc507a_fk_qa_question_id` (`question_id`),
  CONSTRAINT `qa_answer_author_id_fdca825d_fk_auth_user_id` FOREIGN KEY (`author_id`) REFERENCES `auth_user` (`id`),
  CONSTRAINT `qa_answer_question_id_afdc507a_fk_qa_question_id` FOREIGN KEY (`question_id`) REFERENCES `qa_question` (`id`)
) ENGINE=InnoDB AUTO_INCREMENT=21 DEFAULT CHARSET=utf8mb4 COLLATE=utf8mb4_0900_ai_ci;
/*!40101 SET character_set_client = @saved_cs_client */;

--
-- Dumping data for table `qa_answer`
--

LOCK TABLES `qa_answer` WRITE;
/*!40000 ALTER TABLE `qa_answer` DISABLE KEYS */;
INSERT INTO `qa_answer` VALUES (1,'Lorem ipsum dolor sit amet, consectetur adipisicing elit, sed do eiusmod tempor incididunt ut labore et dolore magna aliqua. Ut enim ad minim veniam, quis nostrud exercitation ullamco laboris nisi ut aliquip ex ea commodo consequat. Duis aute irure dolor in reprehenderit in voluptate velit esse cillum dolore eu fugiat nulla pariatur. Excepteur sint occaecat cupidatat non proident, sunt in culpa qui officia deserunt mollit anim id est laborum.\n\nOfficia eaque labore tenetur? Magni quaerat inventore vitae ratione natus voluptatum, commodi pariatur officia velit voluptatem sit vel architecto, amet a molestiae nostrum, ratione mollitia incidunt et ut tenetur, odit ipsa illo totam beatae voluptate hic? Dignissimos vel ut reprehenderit iste repellat ad quis magnam, dicta optio corrupti assumenda perspiciatis magni iste ipsum dolorum, inventore magnam ab? Cumque nihil quod autem necessitatibus praesentium, nam maiores repudiandae quod.\n\nAut accusamus dolorem? Tempore nisi deserunt, nihil saepe est rerum officia soluta vel, odio inventore error dolores odit qui accusamus vitae iure, eaque voluptates illum cum in temporibus cupiditate, dolore numquam nihil ad eos distinctio? Architecto amet est, dicta praesentium debitis totam, ullam minus eligendi nam ad beatae voluptates harum, distinctio eveniet mollitia nemo. Molestiae alias repellendus ab repellat nesciunt distinctio?','2021-12-22 12:27:15.395000',2,1),(2,'Lorem ipsum dolor sit amet, consectetur adipisicing elit, sed do eiusmod tempor incididunt ut labore et dolore magna aliqua. Ut enim ad minim veniam, quis nostrud exercitation ullamco laboris nisi ut aliquip ex ea commodo consequat. Duis aute irure dolor in reprehenderit in voluptate velit esse cillum dolore eu fugiat nulla pariatur. Excepteur sint occaecat cupidatat non proident, sunt in culpa qui officia deserunt mollit anim id est laborum.\n\nSunt unde sit ducimus explicabo perferendis quis a harum minus consequatur, illum quod consequuntur vero aut id, ducimus voluptas cumque omnis libero ad et.\n\nQuod fugit dolores assumenda a obcaecati harum voluptate error necessitatibus nulla, cum culpa aliquid veniam non reprehenderit soluta deleniti sit velit debitis, consequatur animi aut numquam in porro corrupti id culpa ad, nulla delectus incidunt minus rem nihil cumque explicabo, ipsum voluptates quo itaque sint doloremque consequuntur incidunt beatae est?','2021-12-22 12:27:15.495000',4,2),(3,'Lorem ipsum dolor sit amet, consectetur adipisicing elit, sed do eiusmod tempor incididunt ut labore et dolore magna aliqua. Ut enim ad minim veniam, quis nostrud exercitation ullamco laboris nisi ut aliquip ex ea commodo consequat. Duis aute irure dolor in reprehenderit in voluptate velit esse cillum dolore eu fugiat nulla pariatur. Excepteur sint occaecat cupidatat non proident, sunt in culpa qui officia deserunt mollit anim id est laborum.\n\nCorporis enim facilis natus, inventore repudiandae et obcaecati modi? Rem doloremque odit debitis ut perferendis ipsum eligendi, cumque incidunt quasi quibusdam quos reiciendis omnis cupiditate sint porro, assumenda ab deserunt labore atque quidem fuga in, minima cumque consectetur numquam et optio dolores pariatur esse culpa consequatur, alias dolorum perferendis odio laudantium nihil eum ipsa accusantium eius incidunt. Perspiciatis architecto vero velit, vel libero praesentium similique possimus magni perferendis, nihil minima error a voluptatibus voluptates repellat quisquam officiis cumque aspernatur, vero modi aperiam porro excepturi sequi vel amet voluptates, voluptatem assumenda soluta animi. Quas temporibus maxime ex laudantium, sapiente officiis nulla veritatis, nesciunt laborum fugiat nisi esse, esse quod pariatur inventore vero obcaecati?\n\nAt modi veniam numquam delectus incidunt amet iusto, libero sint qui sunt asperiores consectetur, a soluta voluptates repellendus? Temporibus modi perferendis optio molestias deserunt hic, maxime optio quos quis repellendus repellat amet voluptatem odio commodi laboriosam, rerum repudiandae quas doloribus sit aliquam esse, rerum nihil repellendus natus temporibus corrupti sit culpa nostrum incidunt veritatis nemo, error adipisci qui rem quo porro ducimus? Minima reiciendis incidunt doloribus molestias cum dicta officiis nobis neque, amet corrupti maiores esse unde ea, eveniet veritatis quis?','2021-12-22 12:27:15.586000',6,3),(4,'Lorem ipsum dolor sit amet, consectetur adipisicing elit, sed do eiusmod tempor incididunt ut labore et dolore magna aliqua. Ut enim ad minim veniam, quis nostrud exercitation ullamco laboris nisi ut aliquip ex ea commodo consequat. Duis aute irure dolor in reprehenderit in voluptate velit esse cillum dolore eu fugiat nulla pariatur. Excepteur sint occaecat cupidatat non proident, sunt in culpa qui officia deserunt mollit anim id est laborum.\n\nHarum quas cum voluptatibus repellendus dolor alias minima sapiente repellat cumque? Ad nam aliquam eveniet perferendis at quaerat et, distinctio quis nihil quidem ratione mollitia, fuga aliquid consectetur repudiandae ipsa autem commodi veniam magni magnam sapiente, ut adipisci laborum recusandae, deleniti corporis dolor quidem? Autem ipsa necessitatibus distinctio quasi quisquam aliquam consequuntur molestias id adipisci, eaque quibusdam repellendus distinctio dolor praesentium saepe fugiat autem officia aliquid fugit, consectetur quidem ut ipsa nobis quas molestiae amet cum quae fuga tempore?\n\nDignissimos odit ut ipsum voluptas fuga molestiae impedit officia? Recusandae optio minima, corporis sunt alias rerum placeat temporibus nihil voluptas blanditiis, minima eos porro reiciendis id expedita, consequatur odio magni laboriosam fugiat sunt sint rerum labore molestiae, porro deleniti recusandae sint quisquam impedit ipsa? Quisquam odio eaque mollitia, minima obcaecati labore ea unde, tenetur illo aspernatur saepe modi sit officiis deleniti a alias perspiciatis. Molestiae illum veniam, quas laborum dolores ab ipsam?','2021-12-22 12:27:15.678000',8,4),(5,'Lorem ipsum dolor sit amet, consectetur adipisicing elit, sed do eiusmod tempor incididunt ut labore et dolore magna aliqua. Ut enim ad minim veniam, quis nostrud exercitation ullamco laboris nisi ut aliquip ex ea commodo consequat. Duis aute irure dolor in reprehenderit in voluptate velit esse cillum dolore eu fugiat nulla pariatur. Excepteur sint occaecat cupidatat non proident, sunt in culpa qui officia deserunt mollit anim id est laborum.\n\nItaque eos earum doloribus voluptatibus dolor.\n\nIste numquam fuga eaque cupiditate. Error esse vitae ab deserunt, provident facilis quo id consectetur eveniet quidem dolor blanditiis?','2021-12-22 12:27:15.770000',10,5),(6,'Lorem ipsum dolor sit amet, consectetur adipisicing elit, sed do eiusmod tempor incididunt ut labore et dolore magna aliqua. Ut enim ad minim veniam, quis nostrud exercitation ullamco laboris nisi ut aliquip ex ea commodo consequat. Duis aute irure dolor in reprehenderit in voluptate velit esse cillum dolore eu fugiat nulla pariatur. Excepteur sint occaecat cupidatat non proident, sunt in culpa qui officia deserunt mollit anim id est laborum.\n\nAt quaerat reprehenderit pariatur culpa, deserunt delectus quidem veniam. Facilis quidem ipsa optio quas vero, tenetur ad natus atque quis laudantium nisi reprehenderit omnis, ipsam iste minima. Non similique eveniet sint labore neque eaque aliquid temporibus, consequuntur nulla vero ratione consectetur aperiam debitis tempore magni tenetur, odit id quasi labore ex repellat natus sint consequuntur praesentium, veritatis beatae voluptates sit alias quas temporibus expedita sequi repellendus, minus commodi aspernatur vero.\n\nHic molestias vel pariatur quas in placeat cupiditate cum, temporibus ipsum expedita illo eaque dicta illum porro hic, ullam temporibus reiciendis accusamus, sit unde totam consequatur rem quasi assumenda sequi magnam, laboriosam aut dolorem eligendi inventore quis ex ipsa.','2021-12-22 12:27:15.869000',12,6),(7,'Lorem ipsum dolor sit amet, consectetur adipisicing elit, sed do eiusmod tempor incididunt ut labore et dolore magna aliqua. Ut enim ad minim veniam, quis nostrud exercitation ullamco laboris nisi ut aliquip ex ea commodo consequat. Duis aute irure dolor in reprehenderit in voluptate velit esse cillum dolore eu fugiat nulla pariatur. Excepteur sint occaecat cupidatat non proident, sunt in culpa qui officia deserunt mollit anim id est laborum.\n\nModi exercitationem aperiam harum delectus unde quae quo vitae laborum, laboriosam dolorum culpa minima, velit veritatis totam officia labore est illo doloribus ipsum minus nobis cum, quibusdam suscipit perferendis iusto dolorem, dolore odit repellat velit. Neque amet illum vero cupiditate ducimus qui veniam officiis aut. Ipsam minima nam sequi blanditiis eveniet atque vel temporibus repellendus excepturi, ex error reiciendis ducimus reprehenderit eius ab hic nesciunt dolores repudiandae nobis, architecto delectus quaerat tempora, libero ipsa a voluptatibus possimus autem quibusdam voluptatem nesciunt doloremque saepe?\n\nLaborum non tenetur accusamus recusandae veritatis nam qui nemo dolor ducimus dignissimos, porro consequuntur maxime voluptate voluptas quidem qui, sint minima quaerat deserunt vel voluptate, consequuntur velit dolorum fugit ipsum tempore ratione voluptatem repellat quo in deserunt. Facilis provident odio ab labore libero minus a dolorum, explicabo quisquam nam laboriosam hic labore a vero, aliquid porro sapiente, nulla aliquid animi dolorum expedita rerum iste eos dignissimos, accusamus reiciendis alias.','2021-12-22 12:27:15.953000',14,7),(8,'Lorem ipsum dolor sit amet, consectetur adipisicing elit, sed do eiusmod tempor incididunt ut labore et dolore magna aliqua. Ut enim ad minim veniam, quis nostrud exercitation ullamco laboris nisi ut aliquip ex ea commodo consequat. Duis aute irure dolor in reprehenderit in voluptate velit esse cillum dolore eu fugiat nulla pariatur. Excepteur sint occaecat cupidatat non proident, sunt in culpa qui officia deserunt mollit anim id est laborum.\n\nPraesentium repellat aspernatur labore eum?\n\nPorro nostrum eos quasi, nobis veritatis iusto saepe numquam accusantium laborum cumque, rem saepe nam cumque dicta ipsam assumenda. Magni veritatis nostrum quibusdam repellat minus similique, iste veritatis esse nihil blanditiis maiores commodi laboriosam autem at quos, doloremque perferendis molestiae commodi nulla nihil maxime in qui, ducimus quam accusamus explicabo quas qui, quam recusandae amet quos eaque repellendus consectetur quisquam fuga suscipit minus?','2021-12-22 12:27:16.036000',16,8),(9,'Lorem ipsum dolor sit amet, consectetur adipisicing elit, sed do eiusmod tempor incididunt ut labore et dolore magna aliqua. Ut enim ad minim veniam, quis nostrud exercitation ullamco laboris nisi ut aliquip ex ea commodo consequat. Duis aute irure dolor in reprehenderit in voluptate velit esse cillum dolore eu fugiat nulla pariatur. Excepteur sint occaecat cupidatat non proident, sunt in culpa qui officia deserunt mollit anim id est laborum.\n\nQuaerat sapiente rerum nostrum odit laudantium ipsum in accusantium soluta, adipisci recusandae consequatur perspiciatis esse reprehenderit pariatur ipsam natus omnis laborum deserunt, deserunt enim laudantium dignissimos nostrum odio nemo vero aut, provident nostrum magnam maiores laborum omnis eos voluptas. Explicabo illo omnis molestias eaque optio illum veritatis temporibus quod, incidunt optio praesentium hic ea sit ad, voluptate iure quae, deleniti vero excepturi magnam possimus, quia molestias cum? Iure nemo aliquid quia accusamus aliquam, quisquam veritatis officiis numquam tenetur, cum blanditiis iure praesentium distinctio hic fugit assumenda ab numquam, ab fugit perspiciatis dolores distinctio ipsum tenetur.\n\nIllo iusto consectetur, repellat reprehenderit et illum laborum exercitationem aut molestias adipisci corporis tenetur, veritatis rerum asperiores odit quod libero suscipit, quisquam perspiciatis accusamus vitae aliquid voluptatum maiores quae, magnam mollitia deserunt sit? Hic aliquid obcaecati quidem quod soluta facilis laudantium eligendi blanditiis. Repellat exercitationem doloribus expedita maxime porro corrupti perferendis temporibus modi.','2021-12-22 12:27:16.177000',18,9),(10,'Lorem ipsum dolor sit amet, consectetur adipisicing elit, sed do eiusmod tempor incididunt ut labore et dolore magna aliqua. Ut enim ad minim veniam, quis nostrud exercitation ullamco laboris nisi ut aliquip ex ea commodo consequat. Duis aute irure dolor in reprehenderit in voluptate velit esse cillum dolore eu fugiat nulla pariatur. Excepteur sint occaecat cupidatat non proident, sunt in culpa qui officia deserunt mollit anim id est laborum.\n\nLabore necessitatibus aliquam, tempore dolores temporibus reiciendis architecto itaque eum sed, natus aperiam eum exercitationem soluta eaque, excepturi repellat qui obcaecati, quidem beatae quia eveniet distinctio nemo non numquam omnis cupiditate fugit. Harum voluptas architecto veritatis nostrum vitae maxime inventore. Expedita delectus rerum perferendis libero pariatur recusandae, iure aliquid suscipit tenetur maxime ratione consequatur aliquam quod rerum debitis, deleniti maiores dolorem consectetur officiis beatae culpa iste sequi fugiat labore amet, molestias aut temporibus provident, quae voluptate accusantium cumque ea magni earum quos praesentium. Facilis mollitia ducimus dicta accusantium animi dolorem odio dignissimos, iste qui non, nisi perspiciatis iste blanditiis voluptates dolore deserunt, suscipit nulla cumque, quasi consequuntur corrupti laborum illum maiores.\n\nQuaerat tenetur ipsam iure, facilis accusamus cum saepe ut exercitationem dolorum animi qui dolore rem, beatae rerum consequuntur possimus commodi nesciunt voluptatibus adipisci a aut, nobis dolor alias nostrum reprehenderit nihil, repudiandae quaerat debitis.','2021-12-22 12:27:16.277000',20,10),(11,'Lorem ipsum dolor sit amet, consectetur adipisicing elit, sed do eiusmod tempor incididunt ut labore et dolore magna aliqua. Ut enim ad minim veniam, quis nostrud exercitation ullamco laboris nisi ut aliquip ex ea commodo consequat. Duis aute irure dolor in reprehenderit in voluptate velit esse cillum dolore eu fugiat nulla pariatur. Excepteur sint occaecat cupidatat non proident, sunt in culpa qui officia deserunt mollit anim id est laborum.\n\nDoloremque illum ea quae, nesciunt voluptatum obcaecati quasi esse, maxime possimus necessitatibus molestias?\n\nPerferendis quasi quos, velit harum alias delectus id culpa, quisquam possimus recusandae provident? Ex voluptas error quibusdam quia, reprehenderit ipsam illum minima necessitatibus officiis tempora asperiores sed rerum cumque. Doloribus asperiores consequuntur, suscipit illum eos enim nobis hic facere ipsa placeat rerum, a temporibus minus in?','2021-12-24 03:43:41.151000',22,11),(12,'Lorem ipsum dolor sit amet, consectetur adipisicing elit, sed do eiusmod tempor incididunt ut labore et dolore magna aliqua. Ut enim ad minim veniam, quis nostrud exercitation ullamco laboris nisi ut aliquip ex ea commodo consequat. Duis aute irure dolor in reprehenderit in voluptate velit esse cillum dolore eu fugiat nulla pariatur. Excepteur sint occaecat cupidatat non proident, sunt in culpa qui officia deserunt mollit anim id est laborum.\n\nIste aperiam dignissimos et sit voluptatibus officia non libero itaque, rerum perspiciatis non quae eos ducimus possimus accusantium nam dolores aliquam deleniti, modi architecto neque eos unde vel veritatis molestiae deserunt, nostrum quaerat sed minus iusto vitae aperiam saepe ducimus veniam ipsa molestiae, perspiciatis corrupti tempore facilis dolorum nesciunt ipsam rerum expedita magni aperiam dignissimos. Sit deserunt ipsum illo ex eaque culpa doloribus itaque quibusdam inventore iure, unde facere earum ullam hic animi aut accusantium quisquam aliquid consequuntur, rerum quae nemo omnis aliquam placeat.\n\nIusto earum voluptate vero nam facilis minus eius provident, quia quas cumque tenetur impedit cupiditate excepturi, perferendis dolor dicta nihil qui ipsum molestiae dolore aliquam debitis laboriosam? Facere esse quisquam perspiciatis quod alias fugiat. Assumenda delectus repellat magnam beatae, cupiditate veniam error amet. Molestiae at cum ipsam, illum aspernatur est, sapiente voluptate fugit nam et, illum laudantium temporibus soluta velit porro sequi facilis excepturi amet unde?','2021-12-24 03:43:41.281000',24,12),(13,'Lorem ipsum dolor sit amet, consectetur adipisicing elit, sed do eiusmod tempor incididunt ut labore et dolore magna aliqua. Ut enim ad minim veniam, quis nostrud exercitation ullamco laboris nisi ut aliquip ex ea commodo consequat. Duis aute irure dolor in reprehenderit in voluptate velit esse cillum dolore eu fugiat nulla pariatur. Excepteur sint occaecat cupidatat non proident, sunt in culpa qui officia deserunt mollit anim id est laborum.\n\nSapiente officia dolores. Ab deleniti exercitationem quod similique culpa, repudiandae labore vitae esse molestiae debitis, necessitatibus vero omnis esse sapiente magnam cupiditate minus quae iure.\n\nQuas possimus autem ipsam molestiae id aliquam? Non nihil eius eaque tenetur praesentium sequi laudantium eum recusandae atque neque, commodi vitae laborum dolorum enim, saepe reiciendis vero a aliquid non rerum sapiente in ducimus, nisi saepe omnis natus aliquam, voluptas tempora maxime asperiores deserunt repellendus blanditiis doloribus corrupti adipisci alias. Tenetur itaque veritatis? Officia quod neque laborum voluptatem quas qui enim, voluptas obcaecati alias dolor quidem, deleniti dolores sint, totam reprehenderit placeat necessitatibus quia quos, et dolores voluptatibus expedita qui incidunt sint a ea labore accusamus consectetur?','2021-12-24 03:43:41.384000',26,13),(14,'Lorem ipsum dolor sit amet, consectetur adipisicing elit, sed do eiusmod tempor incididunt ut labore et dolore magna aliqua. Ut enim ad minim veniam, quis nostrud exercitation ullamco laboris nisi ut aliquip ex ea commodo consequat. Duis aute irure dolor in reprehenderit in voluptate velit esse cillum dolore eu fugiat nulla pariatur. Excepteur sint occaecat cupidatat non proident, sunt in culpa qui officia deserunt mollit anim id est laborum.\n\nAnimi debitis corporis itaque architecto, dolorum nobis obcaecati quas nemo perferendis, voluptate blanditiis animi alias atque ea, atque libero corporis nihil delectus laborum, cupiditate id natus unde eligendi nostrum velit optio maxime similique adipisci illum. Aliquam non a dolor suscipit voluptates voluptatum odio excepturi cumque, itaque voluptate praesentium placeat perspiciatis deserunt nihil tenetur, qui optio illo ipsam numquam non animi, excepturi voluptatem aliquid, impedit obcaecati voluptatum unde. Facilis accusamus ex voluptatum dolores obcaecati dignissimos ducimus illo repellendus ad, laudantium eveniet dolore quas ea libero? Sapiente accusamus consequuntur ad nostrum non voluptatibus fugiat est ipsum dicta sequi.\n\nVelit repellat nam quas labore, culpa eius architecto ab molestias consequuntur odio modi ea earum adipisci. Odio id at nemo dignissimos?','2021-12-24 03:43:41.485000',28,14),(15,'Lorem ipsum dolor sit amet, consectetur adipisicing elit, sed do eiusmod tempor incididunt ut labore et dolore magna aliqua. Ut enim ad minim veniam, quis nostrud exercitation ullamco laboris nisi ut aliquip ex ea commodo consequat. Duis aute irure dolor in reprehenderit in voluptate velit esse cillum dolore eu fugiat nulla pariatur. Excepteur sint occaecat cupidatat non proident, sunt in culpa qui officia deserunt mollit anim id est laborum.\n\nAut reiciendis nostrum voluptatum quasi laborum, ullam ea aut rem accusamus praesentium odio voluptatum libero, facere consequatur soluta nihil ea nisi vitae temporibus blanditiis esse, aliquid nulla dicta cupiditate numquam reiciendis delectus sint dolore corporis?\n\nLaboriosam est hic pariatur earum aut, ullam esse iure similique optio ipsa adipisci voluptatum?','2021-12-24 03:43:41.574000',30,15),(16,'Lorem ipsum dolor sit amet, consectetur adipisicing elit, sed do eiusmod tempor incididunt ut labore et dolore magna aliqua. Ut enim ad minim veniam, quis nostrud exercitation ullamco laboris nisi ut aliquip ex ea commodo consequat. Duis aute irure dolor in reprehenderit in voluptate velit esse cillum dolore eu fugiat nulla pariatur. Excepteur sint occaecat cupidatat non proident, sunt in culpa qui officia deserunt mollit anim id est laborum.\n\nDolorem natus cupiditate laudantium sapiente aliquam dignissimos voluptates officia doloremque nobis, vero velit illo qui dolorem reiciendis, at minima atque voluptas in dicta non tempore? Eum reprehenderit repellat quam possimus voluptas excepturi exercitationem. Maiores autem fuga est?\n\nIusto reiciendis rerum accusantium odio, ab eveniet omnis quaerat blanditiis sunt quisquam dolore corrupti ipsam iure, est distinctio minima at, vel cupiditate sapiente, voluptatum labore modi?','2021-12-24 03:43:41.664000',32,16),(17,'Lorem ipsum dolor sit amet, consectetur adipisicing elit, sed do eiusmod tempor incididunt ut labore et dolore magna aliqua. Ut enim ad minim veniam, quis nostrud exercitation ullamco laboris nisi ut aliquip ex ea commodo consequat. Duis aute irure dolor in reprehenderit in voluptate velit esse cillum dolore eu fugiat nulla pariatur. Excepteur sint occaecat cupidatat non proident, sunt in culpa qui officia deserunt mollit anim id est laborum.\n\nNecessitatibus eum ab cupiditate illo dignissimos delectus nemo, possimus esse laboriosam ea nisi dolorum consequuntur, deleniti corrupti et nobis dolores, fugiat voluptatem omnis sit, nihil amet adipisci velit necessitatibus quam perspiciatis qui modi voluptatibus consequuntur exercitationem.\n\nExplicabo repudiandae adipisci nihil impedit neque laboriosam obcaecati animi, saepe eligendi porro alias explicabo tenetur quam odio impedit quidem ullam? Officiis quis quidem obcaecati ab corporis possimus ut, quos tenetur consequuntur impedit ex neque. Harum repudiandae nihil cumque voluptatibus at autem, illo perferendis quaerat vitae suscipit expedita mollitia ab nam quod in obcaecati, totam ab non quae distinctio mollitia doloremque, quidem pariatur dolorem ducimus necessitatibus expedita modi consectetur voluptatem quod, unde est iusto aperiam ad dolores?','2021-12-24 03:43:41.765000',34,17),(18,'Lorem ipsum dolor sit amet, consectetur adipisicing elit, sed do eiusmod tempor incididunt ut labore et dolore magna aliqua. Ut enim ad minim veniam, quis nostrud exercitation ullamco laboris nisi ut aliquip ex ea commodo consequat. Duis aute irure dolor in reprehenderit in voluptate velit esse cillum dolore eu fugiat nulla pariatur. Excepteur sint occaecat cupidatat non proident, sunt in culpa qui officia deserunt mollit anim id est laborum.\n\nPorro temporibus libero reiciendis tenetur iusto fugiat harum magnam maiores id?\n\nAsperiores enim minus necessitatibus at ullam totam voluptatum, totam alias unde quibusdam necessitatibus dolor, ullam at vero quaerat enim, earum omnis nisi. Soluta dolor error odio, corrupti quae perspiciatis natus animi accusantium magnam reprehenderit quam, excepturi illo sit laboriosam ea odio autem sequi nisi, aliquam explicabo reiciendis modi error molestias expedita accusamus nostrum.','2021-12-24 03:43:41.866000',36,18),(19,'Lorem ipsum dolor sit amet, consectetur adipisicing elit, sed do eiusmod tempor incididunt ut labore et dolore magna aliqua. Ut enim ad minim veniam, quis nostrud exercitation ullamco laboris nisi ut aliquip ex ea commodo consequat. Duis aute irure dolor in reprehenderit in voluptate velit esse cillum dolore eu fugiat nulla pariatur. Excepteur sint occaecat cupidatat non proident, sunt in culpa qui officia deserunt mollit anim id est laborum.\n\nVelit vitae vero id eos aliquid numquam voluptas dolore dicta necessitatibus, numquam eligendi earum impedit quae nulla hic enim. Laboriosam doloribus inventore sapiente eligendi vitae nostrum voluptatem dolore asperiores incidunt expedita, eveniet est dolor dolorem libero quod possimus expedita, laboriosam dolore aliquam consequatur distinctio. Quae maxime ratione aspernatur ab sed expedita perferendis ipsa ad?\n\nCum architecto excepturi nobis, adipisci rem sit quam et voluptatem eos rerum architecto, ipsa eius voluptatum ipsum sed sunt id fugit eos? Numquam molestias ipsam cupiditate deserunt quae error quis corporis, corrupti ratione saepe perspiciatis dolores sint optio, voluptatum dicta nobis ullam ducimus, similique sunt amet optio inventore impedit, quisquam dolorum unde laborum quasi omnis iusto? Suscipit ab assumenda hic temporibus, dolor dicta in nobis laudantium asperiores eum excepturi quo ducimus, officiis deleniti voluptate beatae ratione aliquam quae perspiciatis esse quaerat error ipsa? Deserunt eos totam unde non magnam aspernatur asperiores, nihil mollitia quaerat voluptatum temporibus, quos dolore nobis unde, accusamus rem illo explicabo quaerat nam voluptates dolorum nostrum eveniet modi.','2021-12-24 03:43:41.958000',38,19),(20,'Lorem ipsum dolor sit amet, consectetur adipisicing elit, sed do eiusmod tempor incididunt ut labore et dolore magna aliqua. Ut enim ad minim veniam, quis nostrud exercitation ullamco laboris nisi ut aliquip ex ea commodo consequat. Duis aute irure dolor in reprehenderit in voluptate velit esse cillum dolore eu fugiat nulla pariatur. Excepteur sint occaecat cupidatat non proident, sunt in culpa qui officia deserunt mollit anim id est laborum.\n\nIn consequuntur esse deleniti harum pariatur corporis tempore excepturi? Aliquid unde laboriosam placeat, cupiditate corrupti dignissimos nesciunt eum cumque consectetur ipsam similique deserunt laboriosam quis, esse voluptatibus atque sint suscipit dolores sequi numquam blanditiis, modi laudantium quis quam doloremque possimus, tenetur repudiandae a asperiores. Quam cum quae quas, laborum dolor suscipit repudiandae placeat illo dicta blanditiis rem excepturi debitis dolores, pariatur in officia recusandae voluptatibus ab deleniti, fuga et placeat illum repudiandae dignissimos odit officia quis asperiores doloribus nobis, ullam accusantium laborum soluta ea fugit facilis enim earum? Odit ad at maiores, officia eligendi laborum blanditiis id consequatur illum voluptatibus incidunt.\n\nQuidem mollitia quo, expedita accusantium consequatur dicta doloremque incidunt amet officia provident id nemo vel, consequuntur asperiores eveniet facilis enim beatae repudiandae quod, dolore sapiente error asperiores necessitatibus, earum et nesciunt perferendis ex molestiae ipsa sequi quidem? Ipsam accusamus quos quam aliquam sint fugiat ab magni iure maiores est?','2021-12-24 03:43:42.052000',40,20);
/*!40000 ALTER TABLE `qa_answer` ENABLE KEYS */;
UNLOCK TABLES;

--
-- Table structure for table `qa_question`
--

DROP TABLE IF EXISTS `qa_question`;
/*!40101 SET @saved_cs_client     = @@character_set_client */;
/*!50503 SET character_set_client = utf8mb4 */;
CREATE TABLE `qa_question` (
  `id` int NOT NULL AUTO_INCREMENT,
  `title` varchar(255) NOT NULL,
  `text` longtext NOT NULL,
  `added_at` datetime(6) NOT NULL,
  `rating` int NOT NULL,
  `author_id` int NOT NULL,
  PRIMARY KEY (`id`),
  UNIQUE KEY `author_id` (`author_id`),
  CONSTRAINT `qa_question_author_id_3665c779_fk_auth_user_id` FOREIGN KEY (`author_id`) REFERENCES `auth_user` (`id`)
) ENGINE=InnoDB AUTO_INCREMENT=21 DEFAULT CHARSET=utf8mb4 COLLATE=utf8mb4_0900_ai_ci;
/*!40101 SET character_set_client = @saved_cs_client */;

--
-- Dumping data for table `qa_question`
--

LOCK TABLES `qa_question` WRITE;
/*!40000 ALTER TABLE `qa_question` DISABLE KEYS */;
INSERT INTO `qa_question` VALUES (1,'Ipsa accusantium vero qui, alias enim harum voluptas animi t','Lorem ipsum dolor sit amet, consectetur adipisicing elit, sed do eiusmod tempor incididunt ut labore et dolore magna aliqua. Ut enim ad minim veniam, quis nostrud exercitation ullamco laboris nisi ut aliquip ex ea commodo consequat. Duis aute irure dolor in reprehenderit in voluptate velit esse cillum dolore eu fugiat nulla pariatur. Excepteur sint occaecat cupidatat non proident, sunt in culpa qui officia deserunt mollit anim id est laborum.\n\nPossimus culpa corporis accusantium suscipit ad quisquam nam id natus molestiae dolores?\n\nIure recusandae expedita suscipit saepe, molestias error atque? Dolores sequi reiciendis voluptatum perferendis, explicabo magni placeat quas excepturi in quod?','2021-12-22 12:27:15.345000',0,1),(2,'Culpa sed iure sunt nesciunt quos delectus, mollitia cumque minus veniam amet illum, velit nemo fuga expedita, dolor labore vero dolorum minima suscipit rem in aliquid? Nam tempore a nulla','Lorem ipsum dolor sit amet, consectetur adipisicing elit, sed do eiusmod tempor incididunt ut labore et dolore magna aliqua. Ut enim ad minim veniam, quis nostrud exercitation ullamco laboris nisi ut aliquip ex ea commodo consequat. Duis aute irure dolor in reprehenderit in voluptate velit esse cillum dolore eu fugiat nulla pariatur. Excepteur sint occaecat cupidatat non proident, sunt in culpa qui officia deserunt mollit anim id est laborum.\n\nLibero aliquam omnis soluta modi.\n\nIllum doloremque reprehenderit voluptatem placeat ad cupiditate veritatis asperiores, temporibus quo nemo illum mollitia ea labore aliquid et, impedit nihil ducimus ex veniam voluptates laboriosam molestiae nesciunt error placeat harum, ad facilis distinctio exercitationem fuga aspernatur consequuntur asperiores harum inventore id vitae, omnis recusandae nihil eius quos vero animi provident iure quas?','2021-12-22 12:27:15.436000',0,3),(3,'Quia asperiores deleniti nulla animi dolorem sit vel error aut, tenetur hic libero harum aperiam corporis. Repellendus illum ipsam non nesciunt, cupiditate libero possimus recusandae quas beatae','Lorem ipsum dolor sit amet, consectetur adipisicing elit, sed do eiusmod tempor incididunt ut labore et dolore magna aliqua. Ut enim ad minim veniam, quis nostrud exercitation ullamco laboris nisi ut aliquip ex ea commodo consequat. Duis aute irure dolor in reprehenderit in voluptate velit esse cillum dolore eu fugiat nulla pariatur. Excepteur sint occaecat cupidatat non proident, sunt in culpa qui officia deserunt mollit anim id est laborum.\n\nEaque quos vitae enim dignissimos, incidunt delectus eaque, provident ut officiis iusto, unde recusandae soluta optio necessitatibus enim quibusdam commodi. Accusamus perferendis voluptate eius eveniet corporis, magnam itaque perferendis officiis tempora optio facilis voluptatum laudantium provident, dolorum libero accusamus adipisci corporis, placeat dolor rem natus non impedit optio error a voluptas pariatur provident, veritatis rem illo ducimus assumenda quisquam recusandae? Impedit omnis alias aliquam placeat debitis harum minus voluptatem nobis beatae a, aliquid autem est qui ipsam atque iste minima animi, accusantium accusamus magni exercitationem tempore ratione eveniet, eaque reprehenderit nostrum cupiditate distinctio aliquid placeat quod. Quis iste eligendi pariatur quod quos nisi hic ut saepe corrupti unde, voluptas nisi sequi perspiciatis repellendus commodi quam.\n\nSuscipit molestiae consequatur modi quasi quam fugiat iure ipsa ullam quibusdam, velit vitae accusantium repellat eaque esse voluptate perspiciatis voluptates, natus similique corporis itaque deserunt quis adipisci laborum fugiat, ea amet veritatis culpa a fugit atque quo quos?','2021-12-22 12:27:15.528000',0,5),(4,'Quod rem minima nesciunt molestiae quas eveniet nemo saepe quidem libero? Rerum temporibus nisi eligendi numquam sapiente, minima explicabo itaque quae illum in quisquam dolo','Lorem ipsum dolor sit amet, consectetur adipisicing elit, sed do eiusmod tempor incididunt ut labore et dolore magna aliqua. Ut enim ad minim veniam, quis nostrud exercitation ullamco laboris nisi ut aliquip ex ea commodo consequat. Duis aute irure dolor in reprehenderit in voluptate velit esse cillum dolore eu fugiat nulla pariatur. Excepteur sint occaecat cupidatat non proident, sunt in culpa qui officia deserunt mollit anim id est laborum.\n\nMolestias corporis impedit blanditiis, animi nesciunt nisi laborum laboriosam labore assumenda corporis deleniti exercitationem necessitatibus quas, a illum sed perspiciatis, et velit suscipit aut maxime? Cum accusamus sapiente voluptates commodi tempore ad quae dolorum, fuga nesciunt perferendis dolorem fugit, cum deleniti eaque repellendus iure ipsum officia dicta fuga, qui sequi commodi temporibus numquam?\n\nMinus magnam numquam illum, dignissimos fugit aliquam, deserunt exercitationem nihil pariatur fuga repudiandae itaque eveniet tempore iure ullam, id nulla saepe assumenda. Dolore autem voluptatibus sint architecto quo. Ipsum amet hic suscipit laudantium enim ipsa.','2021-12-22 12:27:15.620000',0,7),(5,'Aliquam impedit neque nesciunt quam error tenetur ratione maiores voluptas dolorum assumenda, distinctio sint cumque quisquam eos ipsum corrupti neque, placeat doloremque expedita veritatis,','Lorem ipsum dolor sit amet, consectetur adipisicing elit, sed do eiusmod tempor incididunt ut labore et dolore magna aliqua. Ut enim ad minim veniam, quis nostrud exercitation ullamco laboris nisi ut aliquip ex ea commodo consequat. Duis aute irure dolor in reprehenderit in voluptate velit esse cillum dolore eu fugiat nulla pariatur. Excepteur sint occaecat cupidatat non proident, sunt in culpa qui officia deserunt mollit anim id est laborum.\n\nFacere ut exercitationem, excepturi vitae suscipit at quae? Ad sit error? Unde officiis accusamus quod, odio numquam non fugit magni corporis libero, eius quia iusto impedit nihil eaque velit autem quasi?\n\nAtque omnis odio voluptas asperiores pariatur veritatis eligendi et ab, aliquid cupiditate ipsam ad consectetur eos doloremque aliquam iste quia. Molestiae repudiandae ex perferendis consequatur nihil vitae obcaecati quasi, soluta ipsam incidunt accusamus vel hic magni vitae quas saepe, ratione esse tenetur voluptatem quia et fuga? Ipsum ullam placeat tenetur neque ratione suscipit incidunt totam aliquam magnam alias, maiores distinctio sint iusto aliquam sed optio inventore quia dolores doloremque vitae?','2021-12-22 12:27:15.720000',0,9),(6,'Hic eum assumenda in dolor similiq','Lorem ipsum dolor sit amet, consectetur adipisicing elit, sed do eiusmod tempor incididunt ut labore et dolore magna aliqua. Ut enim ad minim veniam, quis nostrud exercitation ullamco laboris nisi ut aliquip ex ea commodo consequat. Duis aute irure dolor in reprehenderit in voluptate velit esse cillum dolore eu fugiat nulla pariatur. Excepteur sint occaecat cupidatat non proident, sunt in culpa qui officia deserunt mollit anim id est laborum.\n\nVelit quidem suscipit odit corporis magni vel aliquid aspernatur voluptatem consectetur earum, dolore nam ullam doloremque asperiores eius velit temporibus ratione voluptates necessitatibus. Laborum hic explicabo magni id laudantium reiciendis ad temporibus corporis sint soluta.\n\nIure unde quos dolore necessitatibus earum, officia sed unde illo voluptates doloremque ratione praesentium accusamus inventore modi. Ad illum odio vitae dignissimos blanditiis sequi quisquam necessitatibus, excepturi iure ex numquam inventore modi saepe soluta dolor, facere illum perferendis ab harum aut ipsa ipsum corrupti assumenda a, recusandae voluptate cupiditate consectetur praesentium corporis quidem impedit nulla modi sapiente fugiat. Voluptas fuga cumque asperiores possimus iure, beatae ad recusandae id?','2021-12-22 12:27:15.812000',0,11),(7,'Consectetur hic minima voluptatibus, at eum dolore ipsa perspiciatis? Digni','Lorem ipsum dolor sit amet, consectetur adipisicing elit, sed do eiusmod tempor incididunt ut labore et dolore magna aliqua. Ut enim ad minim veniam, quis nostrud exercitation ullamco laboris nisi ut aliquip ex ea commodo consequat. Duis aute irure dolor in reprehenderit in voluptate velit esse cillum dolore eu fugiat nulla pariatur. Excepteur sint occaecat cupidatat non proident, sunt in culpa qui officia deserunt mollit anim id est laborum.\n\nConsequuntur explicabo voluptates ea repellat repudiandae cupiditate, officia iure quae, eius iusto nulla totam iure quidem maiores quo magnam qui, veniam reprehenderit saepe? Aut impedit nostrum fugit sapiente, exercitationem esse quidem suscipit ipsum minima corporis nam, ex laborum nobis quis nihil deserunt totam optio cumque, recusandae qui perferendis in amet aliquam corporis saepe aperiam, esse quam qui animi officia.\n\nEligendi nesciunt provident explicabo eum qui temporibus quaerat similique enim commodi, id recusandae impedit tenetur sunt iste at, nemo sapiente est earum nisi esse quis? Culpa eos dicta quisquam rem laboriosam deleniti qui dolor?','2021-12-22 12:27:15.902000',0,13),(8,'Adipisci aliquid reiciendis, dolorum nobis excepturi quidem velit similique necessitatibus corporis incidunt sit, consectetur assumenda magni explicabo nulla placeat facil','Lorem ipsum dolor sit amet, consectetur adipisicing elit, sed do eiusmod tempor incididunt ut labore et dolore magna aliqua. Ut enim ad minim veniam, quis nostrud exercitation ullamco laboris nisi ut aliquip ex ea commodo consequat. Duis aute irure dolor in reprehenderit in voluptate velit esse cillum dolore eu fugiat nulla pariatur. Excepteur sint occaecat cupidatat non proident, sunt in culpa qui officia deserunt mollit anim id est laborum.\n\nConsectetur accusantium quod assumenda quaerat illum iusto doloribus dignissimos vel, fugiat nam exercitationem voluptatem repellendus nostrum hic officiis quisquam, porro deleniti tenetur ipsa voluptas facilis aut placeat, officiis iusto aliquam quidem sint quisquam harum sunt voluptates dolores sequi, reiciendis aut fugit.\n\nBlanditiis autem hic. Adipisci porro harum nihil quasi expedita rerum animi deleniti ullam ex? Eaque suscipit sit ratione iure architecto ad nam facere commodi quam ex, ipsum atque blanditiis velit omnis corrupti quaerat, sapiente obcaecati odio, dolor quasi officiis.','2021-12-22 12:27:15.986000',0,15),(9,'Dolorem provident magni temporibus minus quo delectus voluptatem assumenda nobis, at laborum voluptatum optio nisi quae perspiciatis quasi, ipsam corporis inventore omnis. Re','Lorem ipsum dolor sit amet, consectetur adipisicing elit, sed do eiusmod tempor incididunt ut labore et dolore magna aliqua. Ut enim ad minim veniam, quis nostrud exercitation ullamco laboris nisi ut aliquip ex ea commodo consequat. Duis aute irure dolor in reprehenderit in voluptate velit esse cillum dolore eu fugiat nulla pariatur. Excepteur sint occaecat cupidatat non proident, sunt in culpa qui officia deserunt mollit anim id est laborum.\n\nFacere deserunt tempore nulla quisquam aspernatur, quidem accusamus cumque adipisci ad repudiandae a dolore hic illum dolor inventore. Unde aspernatur eligendi, at soluta facilis nobis nisi explicabo alias adipisci quos quo velit nam, pariatur porro perferendis quae? Amet reprehenderit exercitationem voluptatem nihil beatae nesciunt, eligendi error nisi accusantium alias? Doloribus magnam aliquam rerum voluptate, eaque ea assumenda dolores repudiandae eveniet.\n\nRepudiandae quae voluptate accusamus aliquid dicta molestias maxime quam odit, veritatis odit necessitatibus vitae modi distinctio libero doloribus velit earum? Cum quam necessitatibus nulla aperiam corrupti in fugiat sequi nostrum, quisquam doloribus vel nobis accusantium hic molestias quam obcaecati quas unde saepe? Nostrum cumque repellendus beatae voluptas deleniti nisi soluta pariatur iusto, aperiam natus animi at magni consequatur nobis cum ut totam, autem cum at quas deleniti asperiores. Minima dolores fugit iure consequatur officiis tenetur magni.','2021-12-22 12:27:16.095000',0,17),(10,'Vitae fuga totam nobis quam unde vero iure, placeat laudantium ullam quod d','Lorem ipsum dolor sit amet, consectetur adipisicing elit, sed do eiusmod tempor incididunt ut labore et dolore magna aliqua. Ut enim ad minim veniam, quis nostrud exercitation ullamco laboris nisi ut aliquip ex ea commodo consequat. Duis aute irure dolor in reprehenderit in voluptate velit esse cillum dolore eu fugiat nulla pariatur. Excepteur sint occaecat cupidatat non proident, sunt in culpa qui officia deserunt mollit anim id est laborum.\n\nReiciendis adipisci sapiente aspernatur debitis maxime non laboriosam omnis eos, ratione doloribus impedit harum dolores reiciendis similique vel laudantium aperiam, magnam aut dicta architecto neque officiis possimus quasi expedita beatae porro? Provident non ex consequuntur libero, sit ipsa a veritatis fuga error, voluptatum aliquid ut explicabo expedita impedit nemo aperiam error iste modi? Eius magnam fuga sunt a maxime unde provident quasi illo placeat?\n\nIn optio accusamus quod beatae architecto doloribus illum voluptate laudantium a quisquam? Dicta ab fugit explicabo cupiditate nemo, neque alias dolorem ad nihil modi perspiciatis ut cum quia commodi voluptate, nesciunt quo quod numquam labore magnam magni possimus rem incidunt commodi eligendi, repudiandae laudantium itaque incidunt atque, expedita eveniet sed magnam harum corporis modi.','2021-12-22 12:27:16.228000',0,19),(11,'Magni at id ipsa aliquam asperiores incidunt deleniti suscipit minima, placeat dolorum in odio rerum neque totam deleniti, alias veritatis eaque commodi, magnam et accusamus nesciunt quia ipsam quos modi. Ap','Lorem ipsum dolor sit amet, consectetur adipisicing elit, sed do eiusmod tempor incididunt ut labore et dolore magna aliqua. Ut enim ad minim veniam, quis nostrud exercitation ullamco laboris nisi ut aliquip ex ea commodo consequat. Duis aute irure dolor in reprehenderit in voluptate velit esse cillum dolore eu fugiat nulla pariatur. Excepteur sint occaecat cupidatat non proident, sunt in culpa qui officia deserunt mollit anim id est laborum.\n\nNon fugiat obcaecati voluptatum sit quaerat natus cum, ad consectetur omnis cum est praesentium, molestiae laborum ducimus deleniti fuga officiis cumque nostrum corrupti ipsam quae ut, quos molestias est facere distinctio qui aperiam reprehenderit ratione. Quos eligendi officiis tenetur, sit debitis sunt possimus alias culpa vero maxime dignissimos perferendis doloremque?\n\nDolores voluptate fuga quam animi, deserunt eos optio at excepturi impedit animi odio veritatis perferendis, fugiat fugit iure consectetur repudiandae quia sapiente expedita, aspernatur molestiae hic reprehenderit nulla eos laudantium facere explicabo sed dolores illo?','2021-12-24 03:43:41.093000',0,21),(12,'Corrupti dolor corporis, tempori','Lorem ipsum dolor sit amet, consectetur adipisicing elit, sed do eiusmod tempor incididunt ut labore et dolore magna aliqua. Ut enim ad minim veniam, quis nostrud exercitation ullamco laboris nisi ut aliquip ex ea commodo consequat. Duis aute irure dolor in reprehenderit in voluptate velit esse cillum dolore eu fugiat nulla pariatur. Excepteur sint occaecat cupidatat non proident, sunt in culpa qui officia deserunt mollit anim id est laborum.\n\nOfficia illum voluptatem optio, maiores a obcaecati quas in molestiae est laboriosam porro neque iusto, quibusdam expedita corrupti? Unde aliquam illum debitis laudantium officia laborum iste at tenetur commodi, voluptatibus voluptatum asperiores earum perspiciatis ullam, aperiam aliquid dolorum maxime omnis doloremque pariatur odio accusantium ducimus, et at hic? Inventore ducimus soluta quos? Fugit nesciunt magnam cum quisquam, a quia doloremque, asperiores consequatur corrupti ratione, ex voluptatem animi?\n\nQuaerat soluta provident aspernatur voluptatum, blanditiis omnis quam in cumque, ipsam non velit provident iste exercitationem.','2021-12-24 03:43:41.220000',0,23),(13,'Eos velit expedita. Molestiae ad ut ducimus perspiciatis deserunt magnam perferendis nisi dicta iure hic, maiores obcaecati vel sapiente quas provident vitae quasi, necessitatibus praesentium nemo minus aspernatur? A asperiores accusamus corporis illo','Lorem ipsum dolor sit amet, consectetur adipisicing elit, sed do eiusmod tempor incididunt ut labore et dolore magna aliqua. Ut enim ad minim veniam, quis nostrud exercitation ullamco laboris nisi ut aliquip ex ea commodo consequat. Duis aute irure dolor in reprehenderit in voluptate velit esse cillum dolore eu fugiat nulla pariatur. Excepteur sint occaecat cupidatat non proident, sunt in culpa qui officia deserunt mollit anim id est laborum.\n\nQuibusdam odit dolor dolores, at hic obcaecati aperiam, nostrum dignissimos autem iure, consequatur soluta totam corrupti odit error odio veritatis accusantium eius molestiae, minus asperiores vitae nihil odit labore optio dolorum sapiente? Expedita nihil praesentium, tempora placeat eos labore molestiae beatae quisquam saepe, rerum animi sunt vel facere distinctio eius? Itaque saepe veritatis molestiae quos quaerat provident aliquam consequatur optio, laborum iure eveniet delectus aliquam perspiciatis magni temporibus fugiat nulla impedit, laboriosam vel ab, incidunt fugiat ut sunt assumenda vel amet earum ducimus vitae.\n\nHarum veritatis voluptate deleniti temporibus cumque odio ea fugiat tenetur laboriosam? Quas sint nam quos provident eligendi rerum inventore ipsam, eveniet numquam rem veritatis eum officia ipsa quisquam explicabo laudantium culpa, ab earum asperiores magnam aspernatur eaque tempore at, quibusdam minima quasi laborum, hic cupiditate assumenda facere tenetur molestiae quasi et odio pariatur labore fugit. Expedita non obcaecati eveniet, velit eos libero suscipit accusamus soluta praesentium minima veniam quia cum reprehenderit, ipsum adipisci id sequi illum quisquam consectetur sint facilis beatae dolorem et, debitis voluptatibus ipsa eveniet ut aliquam consectetur soluta alias aspernatur necessitatibus?','2021-12-24 03:43:41.332000',0,25),(14,'Iure illo voluptate magni molestias eius aliquam explicabo, mollitia explicabo voluptate laudantium ratione ab nemo enim nulla quam offic','Lorem ipsum dolor sit amet, consectetur adipisicing elit, sed do eiusmod tempor incididunt ut labore et dolore magna aliqua. Ut enim ad minim veniam, quis nostrud exercitation ullamco laboris nisi ut aliquip ex ea commodo consequat. Duis aute irure dolor in reprehenderit in voluptate velit esse cillum dolore eu fugiat nulla pariatur. Excepteur sint occaecat cupidatat non proident, sunt in culpa qui officia deserunt mollit anim id est laborum.\n\nNulla veniam repellendus, odit omnis rem ut similique enim, architecto eligendi dolores officiis, asperiores exercitationem corrupti veniam sapiente cumque deleniti facere iste dolores molestiae eos, maiores earum totam iure nam quo nobis?\n\nIste nam esse at aut natus facere vitae, rem distinctio quis illo fuga nobis fugit eius quod odit, placeat error dolores et amet numquam, modi dolor porro maxime id voluptatum harum minus nobis hic explicabo, fugit porro voluptatibus dicta fugiat officia a corrupti? Pariatur a voluptatum magnam quo consectetur omnis, a odit quos in quod modi repellat totam perferendis, cum asperiores rem?','2021-12-24 03:43:41.424000',0,27),(15,'Ut est dolor, voluptatum aliquam quod reiciendis velit voluptas iure sequi, autem hic minus','Lorem ipsum dolor sit amet, consectetur adipisicing elit, sed do eiusmod tempor incididunt ut labore et dolore magna aliqua. Ut enim ad minim veniam, quis nostrud exercitation ullamco laboris nisi ut aliquip ex ea commodo consequat. Duis aute irure dolor in reprehenderit in voluptate velit esse cillum dolore eu fugiat nulla pariatur. Excepteur sint occaecat cupidatat non proident, sunt in culpa qui officia deserunt mollit anim id est laborum.\n\nMagnam non a qui labore provident quod cum in culpa sint? Quibusdam quaerat sint nobis tempora perferendis amet esse ipsa quisquam aspernatur, ipsum tempora quos asperiores, eveniet quia magnam eligendi voluptatum velit hic odio soluta?\n\nEsse ea eum ex, reiciendis modi ratione dicta a numquam assumenda dolorum, perspiciatis aliquid excepturi nemo et, iste ipsam voluptatum enim quo, repellendus eos explicabo.','2021-12-24 03:43:41.523000',0,29),(16,'Veritatis cum reprehenderit animi facere ipsam deleniti, aspernatur alias repudiandae recusandae quia numquam quas at mollitia, fugit facilis','Lorem ipsum dolor sit amet, consectetur adipisicing elit, sed do eiusmod tempor incididunt ut labore et dolore magna aliqua. Ut enim ad minim veniam, quis nostrud exercitation ullamco laboris nisi ut aliquip ex ea commodo consequat. Duis aute irure dolor in reprehenderit in voluptate velit esse cillum dolore eu fugiat nulla pariatur. Excepteur sint occaecat cupidatat non proident, sunt in culpa qui officia deserunt mollit anim id est laborum.\n\nError praesentium minus, assumenda culpa repudiandae porro saepe rerum soluta inventore aliquam tempore, error at repellendus odio deserunt unde ducimus placeat corporis corrupti expedita molestiae, veniam accusamus consequuntur ipsa sunt voluptate? Praesentium eos fugiat incidunt ipsum dolor ipsam?\n\nArchitecto suscipit eius officiis illum cupiditate cum, eius suscipit porro consequatur, suscipit tenetur corporis labore.','2021-12-24 03:43:41.614000',0,31),(17,'Numquam dolor fugit nisi distinctio officiis ab, distinctio repellat animi quos err','Lorem ipsum dolor sit amet, consectetur adipisicing elit, sed do eiusmod tempor incididunt ut labore et dolore magna aliqua. Ut enim ad minim veniam, quis nostrud exercitation ullamco laboris nisi ut aliquip ex ea commodo consequat. Duis aute irure dolor in reprehenderit in voluptate velit esse cillum dolore eu fugiat nulla pariatur. Excepteur sint occaecat cupidatat non proident, sunt in culpa qui officia deserunt mollit anim id est laborum.\n\nRecusandae consectetur nesciunt eum maiores voluptates porro vero corrupti placeat aspernatur nostrum. Optio expedita animi nulla, molestias quos aliquam cumque suscipit incidunt dolorem.\n\nTotam aliquid repudiandae maxime quia dicta assumenda reprehenderit iusto nisi, adipisci dignissimos a laborum veritatis, natus omnis dolore error quibusdam eius architecto ex commodi alias pariatur accusamus, delectus velit rerum sit quaerat? Odit aperiam omnis aut accusantium vero nihil minima exercitationem veritatis asperiores necessitatibus.','2021-12-24 03:43:41.706000',0,33),(18,'Esse assumenda sequi ipsa nulla culpa accusantium explicabo voluptatum, voluptate','Lorem ipsum dolor sit amet, consectetur adipisicing elit, sed do eiusmod tempor incididunt ut labore et dolore magna aliqua. Ut enim ad minim veniam, quis nostrud exercitation ullamco laboris nisi ut aliquip ex ea commodo consequat. Duis aute irure dolor in reprehenderit in voluptate velit esse cillum dolore eu fugiat nulla pariatur. Excepteur sint occaecat cupidatat non proident, sunt in culpa qui officia deserunt mollit anim id est laborum.\n\nAspernatur consequuntur labore vitae totam, quas cupiditate itaque perspiciatis ducimus quasi vero eaque, aliquam inventore maiores saepe mollitia delectus error, nulla dolor dicta ducimus accusamus vel ab obcaecati hic, voluptatibus iste reprehenderit consequatur ducimus deserunt cum placeat expedita itaque ut. Ratione consequatur dignissimos molestiae odit nostrum blanditiis, vero eius placeat quam, accusamus modi consectetur deserunt soluta a aut, nam cupiditate provident facilis explicabo impedit aliquid iure? Deleniti odit fuga blanditiis, quibusdam quo odit voluptate voluptatem sapiente a, nulla minima est quis laudantium quas facere debitis unde blanditiis placeat, natus maiores exercitationem, amet blanditiis laudantium cupiditate est quidem.\n\nEst ipsam fugiat, dignissimos iste deleniti accusantium molestiae similique asperiores id placeat odio ad.','2021-12-24 03:43:41.807000',0,35),(19,'Mollitia illo ab accusamus atque, nam voluptates asp','Lorem ipsum dolor sit amet, consectetur adipisicing elit, sed do eiusmod tempor incididunt ut labore et dolore magna aliqua. Ut enim ad minim veniam, quis nostrud exercitation ullamco laboris nisi ut aliquip ex ea commodo consequat. Duis aute irure dolor in reprehenderit in voluptate velit esse cillum dolore eu fugiat nulla pariatur. Excepteur sint occaecat cupidatat non proident, sunt in culpa qui officia deserunt mollit anim id est laborum.\n\nConsectetur laboriosam nam excepturi, ipsa optio officia amet voluptate ex fugit unde aliquid, sequi dolores tempora explicabo dolor expedita illo ipsum neque quod, reiciendis repellendus nesciunt suscipit minus vero similique? Aspernatur beatae tempora veritatis aperiam vitae, quibusdam quidem deserunt ratione illum similique dolores nobis excepturi porro inventore tempore, vel eligendi possimus placeat quis quibusdam impedit dignissimos inventore facere soluta. Molestiae sapiente animi assumenda, natus cum earum quo sunt culpa facilis dolores.\n\nNam deleniti iure mollitia, repudiandae nihil consequatur voluptatem adipisci optio qui sequi eveniet perspiciatis tenetur, cupiditate molestiae doloribus eum amet neque distinctio eius? Tenetur quam fugiat ab alias obcaecati quasi harum, sequi ipsam illo consectetur pariatur tempore, nam sunt officia itaque corrupti sequi quasi, inventore hic sequi officia eius sapiente nemo accusamus. Accusamus nihil eius, minus adipisci rerum, praesentium ducimus modi omnis saepe vitae cum nihil eligendi sed ipsum deserunt, alias aliquam eligendi aut possimus eveniet at minus, ea tempore nihil tenetur sint aut exercitationem modi ipsum non corrupti?','2021-12-24 03:43:41.898000',0,37),(20,'Qui excepturi architecto accusamus, aliquam eum nam tenetur delectus? Laudantium rerum animi sapiente sunt perferendis, assumenda quae omnis eaque labore in incidunt quibusdam et fuga fugiat, exercita','Lorem ipsum dolor sit amet, consectetur adipisicing elit, sed do eiusmod tempor incididunt ut labore et dolore magna aliqua. Ut enim ad minim veniam, quis nostrud exercitation ullamco laboris nisi ut aliquip ex ea commodo consequat. Duis aute irure dolor in reprehenderit in voluptate velit esse cillum dolore eu fugiat nulla pariatur. Excepteur sint occaecat cupidatat non proident, sunt in culpa qui officia deserunt mollit anim id est laborum.\n\nOptio a laborum eaque accusantium eius magnam veritatis est sit itaque, debitis repudiandae facilis fugit voluptatum dolorem laudantium aut modi doloribus, culpa explicabo quod maiores aliquam, sequi fugiat eius delectus, corporis sequi cum iusto reiciendis ullam exercitationem officiis. Voluptatum recusandae distinctio ipsum praesentium sunt veritatis mollitia deleniti impedit at quis, modi nobis quidem odio dicta corporis, optio quaerat eaque illum ex consequuntur porro at iure magnam fugiat nihil. Vero sint beatae, esse nulla quis dolorum fugit molestiae est quisquam, soluta unde reiciendis iusto quasi debitis rerum quia iste fugiat, sint accusantium nisi quam consequuntur, neque dignissimos et veritatis eaque?\n\nMaiores quidem repudiandae nisi voluptatem dicta natus molestiae, enim similique deleniti ex, nisi quod libero eius minima quis accusamus modi maxime maiores vel, voluptate cumque soluta sint repellat enim facere natus molestias officiis? Earum similique ratione eius expedita autem ex nostrum, temporibus eius nulla nihil odit repellat sunt, minus repellat earum impedit neque velit veritatis.','2021-12-24 03:43:41.998000',0,39);
/*!40000 ALTER TABLE `qa_question` ENABLE KEYS */;
UNLOCK TABLES;

--
-- Table structure for table `qa_question_likes`
--

DROP TABLE IF EXISTS `qa_question_likes`;
/*!40101 SET @saved_cs_client     = @@character_set_client */;
/*!50503 SET character_set_client = utf8mb4 */;
CREATE TABLE `qa_question_likes` (
  `id` int NOT NULL AUTO_INCREMENT,
  `question_id` int NOT NULL,
  `user_id` int NOT NULL,
  PRIMARY KEY (`id`),
  UNIQUE KEY `qa_question_likes_question_id_user_id_dfaf931d_uniq` (`question_id`,`user_id`),
  KEY `qa_question_likes_user_id_69852d68_fk_auth_user_id` (`user_id`),
  CONSTRAINT `qa_question_likes_question_id_f4460cdb_fk_qa_question_id` FOREIGN KEY (`question_id`) REFERENCES `qa_question` (`id`),
  CONSTRAINT `qa_question_likes_user_id_69852d68_fk_auth_user_id` FOREIGN KEY (`user_id`) REFERENCES `auth_user` (`id`)
) ENGINE=InnoDB AUTO_INCREMENT=57 DEFAULT CHARSET=utf8mb4 COLLATE=utf8mb4_0900_ai_ci;
/*!40101 SET character_set_client = @saved_cs_client */;

--
-- Dumping data for table `qa_question_likes`
--

LOCK TABLES `qa_question_likes` WRITE;
/*!40000 ALTER TABLE `qa_question_likes` DISABLE KEYS */;
INSERT INTO `qa_question_likes` VALUES (1,1,1),(2,2,1),(3,2,2),(4,2,3),(5,3,1),(6,3,2),(7,3,3),(8,4,1),(9,4,3),(10,5,1),(11,5,2),(12,5,6),(14,6,4),(13,6,8),(15,7,13),(16,8,3),(17,8,12),(19,9,7),(20,9,12),(21,9,14),(22,9,15),(18,9,17),(23,10,3),(26,10,6),(27,10,7),(25,10,11),(24,10,18),(28,11,8),(30,11,12),(29,11,19),(31,12,19),(36,13,1),(34,13,5),(35,13,6),(32,13,8),(33,13,16),(37,14,1),(38,14,2),(41,14,9),(39,14,10),(40,14,18),(42,15,11),(43,15,23),(45,16,23),(44,16,28),(46,17,1),(47,17,4),(49,17,6),(48,17,29),(50,18,4),(52,19,15),(51,19,20),(55,20,4),(53,20,12),(56,20,13),(54,20,26);
/*!40000 ALTER TABLE `qa_question_likes` ENABLE KEYS */;
UNLOCK TABLES;
/*!40103 SET TIME_ZONE=@OLD_TIME_ZONE */;

/*!40101 SET SQL_MODE=@OLD_SQL_MODE */;
/*!40014 SET FOREIGN_KEY_CHECKS=@OLD_FOREIGN_KEY_CHECKS */;
/*!40014 SET UNIQUE_CHECKS=@OLD_UNIQUE_CHECKS */;
/*!40101 SET CHARACTER_SET_CLIENT=@OLD_CHARACTER_SET_CLIENT */;
/*!40101 SET CHARACTER_SET_RESULTS=@OLD_CHARACTER_SET_RESULTS */;
/*!40101 SET COLLATION_CONNECTION=@OLD_COLLATION_CONNECTION */;
/*!40111 SET SQL_NOTES=@OLD_SQL_NOTES */;

-- Dump completed on 2021-12-24  9:20:08
